,p_UU,p_UD,p_DU,p_DD
2007/01/04/morning,-0.9954838247431413,0.9954838776389002,0.999999999990553,-3.813060479584962e-7